{"cameraMode":{"drawMode":0,"name":"Shaded","section":"Shading Mode"},"sceneLighting":false,"audioPlay":false,"sceneViewState":{"showFog":false,"showMaterialUpdate":false,"showSkybox":false,"showFlares":false,"showImageEffects":false,"showParticleSystems":true},"in2DMode":false,"pivot":{"x":-27.777202606201173,"y":4.889720916748047,"z":-36.42494201660156},"rotation":{"x":0.10466969758272171,"y":0.8551574349403381,"z":-0.19039033353328706,"w":0.47063958644866946},"size":34.255645751953128,"orthographic":false}