{"cameraMode":{"drawMode":0,"name":"Shaded","section":"Shading Mode"},"sceneLighting":false,"audioPlay":false,"sceneViewState":{"showFog":false,"showMaterialUpdate":false,"showSkybox":false,"showFlares":false,"showImageEffects":false,"showParticleSystems":true},"in2DMode":false,"pivot":{"x":-0.0816049575805664,"y":-1.0948785543441773,"z":0.11416399478912354},"rotation":{"x":-0.126130148768425,"y":-0.778701901435852,"z":0.16599059104919434,"w":-0.591744601726532},"size":7.537682056427002,"orthographic":false}